Country,Confirmed,Deaths,Recovered,GDP,GDP Per Capita,Population,Median Age,Hospital Bed Per 1000 Population Rate,Life Expectancy (years),Unemployment Rate (%),2017 Health Budget per Capita ($),Poverty (% of Pop),Literacy Rate (% of Pop),Gender (% of male)
Afghanistan,40.0,1.0,1.0,20682000000.0,531.2838,38928346,19.0,0.5,52.1,23.9,67.0,54.5,38.2,50.7389
Albania,89.0,2.0,2.0,17210000000.0,5980.2689,2877797,33.4,2.9,78.6,13.8,0.0,14.3,97.6,49.4949
Algeria,201.0,17.0,65.0,193056000000.0,4402.5406,43851044,28.3,1.9,77.2,11.7,258.0,23.0,80.2,50.7389
American Samoa,0.0,0.0,0.0,0.0,0.0,0,26.1,0.0,73.9,29.8,0.0,0.0,0.0,50.0
Andorra,113.0,1.0,1.0,0.0,36994.8441,77265,44.9,2.5,82.9,3.7,4041.0,0.0,100.0,51.4563
Angola,2.0,0.0,0.0,96426000000.0,2933.8892,32866271,15.9,0.0,60.6,6.6,114.0,36.6,71.1,48.7179
Anguilla,0.0,0.0,0.0,0.0,22496.8653,15003,35.1,0.0,81.6,8.0,0.0,23.0,0.0,47.3684
Antigua And Barbuda,1.0,0.0,0.0,1809000000.0,18472.5669,97929,32.2,3.8,76.9,11.0,674.0,0.0,99.0,47.3684
Argentina,225.0,4.0,3.0,515352999999.9999,11402.6811,45195774,31.9,5.0,77.5,8.4,1325.0,25.7,99.1,49.4949
Armenia,194.0,0.0,2.0,13868000000.0,4680.0077,2963243,35.6,4.2,75.1,18.9,408.0,32.0,99.7,48.4536
Aruba,0.0,0.0,0.0,2952000000.0,27649.2516,106766,39.5,0.0,77.1,7.7,0.0,0.0,97.5,47.3684
Australia,1314.0,7.0,88.0,1481460000000.0,58096.7349,25499884,38.8,3.8,82.4,5.6,5332.0,0.0,0.0,50.2488
Austria,3244.0,16.0,9.0,481678000000.0,53481.7582,9006398,44.2,7.6,81.7,5.5,4940.0,3.0,0.0,48.9796
Azerbaijan,65.0,1.0,10.0,47429000000.0,4677.7958,10139177,31.7,4.7,73.0,5.0,276.0,4.9,99.8,49.4949
Bahamas,4.0,0.0,0.0,0.0,0.0,0,32.3,2.9,72.9,10.1,1772.0,9.3,0.0,48.9796
Bahrain,332.0,2.0,149.0,40707000000.0,23923.13,1701575,32.5,2.0,79.1,3.6,1127.0,0.0,95.7,60.6299
Bangladesh,27.0,2.0,3.0,343279000000.0,2084.4027,164689383,27.1,0.8,73.7,4.4,36.0,24.3,72.9,49.2386
Barbados,14.0,0.0,0.0,5339000000.0,18578.5124,287375,38.9,5.8,75.7,10.1,1184.0,0.0,99.6,48.4536
Belarus,76.0,0.0,15.0,63664000000.0,6737.4139,9449323,40.3,11.0,73.2,0.8,342.0,5.7,99.7,46.5241
Belgium,3401.0,75.0,263.0,553781000000.0,47782.4861,11589623,41.5,6.2,81.2,7.1,4507.0,15.1,0.0,49.2386
Belize,0.0,0.0,0.0,2071000000.0,5208.3857,397628,23.7,1.3,74.7,9.0,280.0,41.0,0.0,50.0
Benin,2.0,0.0,0.0,12129000000.0,1000.4784,12123200,18.4,0.5,62.7,1.0,31.0,36.2,38.4,50.2488
Bermuda,0.0,0.0,0.0,0.0,98386.9264,62278,43.5,0.0,81.5,7.0,0.0,11.0,0.0,48.4536
Bhutan,2.0,0.0,0.0,2939000000.0,3808.9289,771608,28.1,1.7,71.1,3.2,97.0,12.0,64.9,52.1531
Bolivia,24.0,0.0,0.0,47052000000.0,4030.8331,11673021,24.6,1.1,69.8,4.0,220.0,38.6,92.5,49.4949
Bosnia And Herzegovina,126.0,1.0,2.0,21343000000.0,6505.3878,3280819,42.5,3.5,77.1,20.5,460.0,16.9,98.5,48.7179
Botswana,0.0,0.0,0.0,20873000000.0,8875.9825,2351627,24.9,1.8,63.8,20.0,466.0,19.3,88.5,48.1865
Brazil,1593.0,25.0,2.0,2062500000000.0,9703.1693,212559417,32.4,2.2,74.3,12.8,929.0,4.2,92.0,49.2386
British Virgin Islands,0.0,0.0,0.0,0.0,32127.191,30231,36.7,0.0,78.9,2.9,0.0,0.0,0.0,47.644
Brunei,88.0,0.0,2.0,14281000000.0,32643.8526,437479,30.5,2.7,77.5,6.9,671.0,0.0,96.0,49.2386
Bulgaria,187.0,3.0,3.0,71746000000.0,10325.4757,6948445,43.0,6.8,74.8,6.2,664.0,23.4,98.4,48.7179
Burkina Faso,75.0,4.0,5.0,16266000000.0,778.1557,20903273,17.4,0.4,60.77,77.0,44.0,40.1,36.0,48.7179
Burundi,0.0,0.0,0.0,3714000000.0,312.3427,11890784,17.1,0.8,61.4,0.0,24.0,64.6,85.6,49.7487
Cambodia,84.0,0.0,1.0,29309000000.0,1753.0391,16718965,25.7,0.8,65.2,0.3,82.0,16.5,80.5,48.7179
Cameroon,40.0,0.0,0.0,42047000000.0,1583.938,26545863,18.6,1.3,59.4,4.3,68.0,30.0,75.0,50.2488
Canada,1465.0,21.0,10.0,1832490000000.0,48552.8727,37742154,42.4,2.7,82.0,6.3,4755.0,9.4,0.0,49.4949
Cape Verde,3.0,0.0,0.0,2208000000.0,3971.3159,555987,25.8,2.1,72.7,9.0,168.0,30.0,86.8,48.4536
Cayman Islands,0.0,0.0,0.0,0.0,58490.0129,65722,40.2,0.0,81.4,4.0,0.0,0.0,98.9,48.7179
Central African Republic,3.0,0.0,0.0,2485000000.0,514.5176,4829767,19.8,1.0,53.3,6.9,24.0,62.0,36.8,49.7487
Chad,1.0,0.0,0.0,12547000000.0,763.8563,16425864,15.8,0.0,57.5,0.0,30.0,46.7,22.3,49.4949
Chile,632.0,1.0,8.0,313561000000.0,16402.893,19116201,34.8,2.2,79.1,6.7,1382.0,14.4,96.9,49.2386
China,81397.0,3265.0,72362.0,15468100000000.0,10746.7828,1439323776,37.7,4.2,75.8,3.9,441.0,3.3,96.4,51.4563
Cocos (Keeling) Islands,0.0,0.0,0.0,0.0,0.0,0,0.0,0.0,0.0,0.1,0.0,0.0,0.0,0.0
Colombia,231.0,2.0,3.0,352810000000.0,6933.7648,50882891,30.4,1.5,76.2,9.3,459.0,28.0,94.7,49.4949
Comoros,0.0,0.0,0.0,773000000.0,888.9134,869601,20.2,2.2,64.9,6.5,59.0,44.8,77.8,48.4536
"Congo, Democratic Republic Of The",30.0,1.0,0.0,63842000000.0,2645.8639,95079490,18.8,0.0,58.1,0.0,19.0,63.0,77.0,50.0
"Congo, Republic Of The",3.0,0.0,0.0,0.0,0.0,0,19.6,0.0,60.3,36.0,50.0,46.5,79.3,50.2488
Cook Islands,0.0,0.0,0.0,0.0,16522.1017,17564,37.2,0.0,76.2,13.1,589.0,0.0,0.0,51.4563
Costa Rica,134.0,2.0,2.0,63460000000.0,12457.5049,5094118,31.7,1.1,78.9,8.1,869.0,21.7,97.8,50.2488
Croatia,254.0,1.0,5.0,64590000000.0,15733.4468,4105267,43.3,5.6,76.3,12.4,902.0,19.5,99.3,48.1865
Cuba,35.0,1.0,0.0,0.0,7918.4021,11326616,41.8,5.2,78.9,2.6,988.0,0.0,99.8,49.7487
Curacao,0.0,0.0,0.0,0.0,19022.4444,164093,36.3,0.0,78.6,13.0,0.0,0.0,0.0,47.9167
Cyprus,95.0,1.0,3.0,26348000000.0,21822.8381,1207359,37.2,3.4,79.0,11.1,1731.0,0.0,99.1,50.9804
Czech Republic,0.0,0.0,0.0,259736000000.0,24254.035,10708981,0.0,0.0,0.0,0.0,1476.0,0.0,0.0,0.0
Czechia,1120.0,1.0,6.0,0.0,0.0,0,42.5,6.5,78.9,2.9,0.0,9.7,99.0,49.2386
Denmark,1514.0,13.0,1.0,364546000000.0,62937.3768,5792202,41.9,2.5,81.0,5.7,5800.0,13.4,0.0,49.7487
Djibouti,1.0,0.0,0.0,2599000000.0,2630.5668,988000,24.2,1.4,64.0,40.0,70.0,23.0,0.0,45.6522
Dominica,1.0,0.0,0.0,590000000.0,8196.0381,71986,34.0,3.8,77.4,23.0,440.0,29.0,0.0,50.495
Dominican Republic,202.0,3.0,0.0,90459000000.0,8338.8413,10847910,27.3,1.6,71.3,5.1,433.0,30.5,93.8,50.495
Ecuador,789.0,14.0,3.0,107730000000.0,6106.0857,17643054,28.1,1.5,77.1,4.6,518.0,21.5,94.4,49.7487
Egypt,327.0,14.0,56.0,331360000000.0,3238.0117,102334404,23.9,1.6,73.2,12.2,106.0,27.8,80.8,50.9804
El Salvador,3.0,0.0,0.0,28202000000.0,4347.997,6486205,27.6,1.3,75.1,7.0,282.0,32.7,88.1,47.9167
Equatorial Guinea,6.0,0.0,0.0,12263000000.0,8740.6494,1402985,19.9,2.1,65.0,8.6,301.0,44.0,95.3,50.0
Eritrea,1.0,0.0,0.0,8116000000.0,2288.5044,3546421,19.9,0.7,65.6,5.8,33.0,50.0,73.8,49.2386
Estonia,326.0,0.0,2.0,33235000000.0,25053.9941,1326535,43.0,5.0,77.0,5.8,1301.0,21.1,99.8,46.8085
Eswatini,4.0,0.0,0.0,0.0,0.0,0,23.2,2.1,57.2,28.0,225.0,63.0,87.5,47.3684
Ethiopia,11.0,0.0,4.0,99371000000.0,864.3693,114963588,18.0,0.3,63.0,17.5,25.0,29.6,49.1,49.7487
Falkland Islands (Islas Malvinas),0.0,0.0,0.0,0.0,0.0,0,0.0,0.0,77.9,1.0,0.0,0.0,0.0,0.0
Faroe Islands,0.0,0.0,0.0,0.0,0.0,0,37.6,4.1,80.6,2.2,0.0,10.0,0.0,51.9231
Fiji,2.0,0.0,0.0,5671000000.0,6326.0992,896445,29.2,2.3,73.2,4.5,188.0,31.0,0.0,50.7389
Finland,626.0,1.0,10.0,289243000000.0,52203.1433,5540720,42.6,4.4,81.1,8.5,4206.0,0.0,0.0,49.2386
France,16044.0,674.0,2200.0,2876050000000.0,44061.5183,65273511,41.5,6.5,82.0,9.4,4380.0,14.2,0.0,48.9796
French Guiana,18.0,0.0,6.0,0.0,0.0,0,0.0,0.0,0.0,0.0,0.0,0.0,0.0,0.0
French Polynesia,0.0,0.0,0.0,0.0,19287.2191,280908,32.4,0.0,77.5,21.8,0.0,19.7,0.0,51.2195
Gabon,5.0,1.0,0.0,17893000000.0,8039.1457,2225734,20.5,6.3,68.0,28.0,204.0,34.3,83.2,51.9231
Gambia,1.0,0.0,0.0,1870000000.0,773.7927,2416668,21.3,1.1,65.4,0.0,23.0,48.4,55.5,49.4949
Gaza Strip,0.0,0.0,0.0,0.0,0.0,0,17.4,1.3,74.4,27.9,0.0,30.0,96.9,50.495
Georgia,54.0,0.0,3.0,18888000000.0,4734.8231,3989167,38.3,2.6,76.6,11.8,293.0,9.2,99.8,47.9167
Germany,24873.0,94.0,266.0,4157120000000.0,49617.145,83783942,47.4,8.3,80.9,3.8,5033.0,16.7,0.0,48.9796
Ghana,24.0,1.0,0.0,72264000000.0,2325.6248,31072940,21.2,0.9,67.4,11.9,67.0,24.2,76.6,49.2386
Gibraltar,0.0,0.0,0.0,0.0,0.0,0,35.0,0.0,79.7,1.0,0.0,0.0,0.0,50.2488
Greece,624.0,15.0,19.0,230500000000.0,22114.4398,10423054,44.9,4.3,80.8,21.5,1517.0,36.0,97.7,48.7179
Greenland,0.0,0.0,0.0,0.0,40213.6319,56770,34.0,8.2,72.9,9.1,0.0,16.2,100.0,52.1531
Grenada,1.0,0.0,0.0,1330000000.0,11819.8057,112523,32.1,3.7,74.8,24.0,497.0,38.0,98.6,50.7389
Guadeloupe,56.0,0.0,0.0,0.0,0.0,0,0.0,0.0,0.0,0.0,0.0,0.0,0.0,0.0
Guam,0.0,1.0,0.0,0.0,0.0,0,29.1,0.0,76.4,4.5,0.0,23.0,0.0,51.4563
Guatemala,19.0,1.0,0.0,87629000000.0,4891.2209,17915568,22.5,0.6,71.8,2.3,260.0,59.3,81.5,49.7487
Guernsey,0.0,0.0,0.0,0.0,0.0,0,44.0,0.0,82.7,1.2,0.0,0.0,0.0,49.7487
Guinea,2.0,0.0,0.0,13603000000.0,1035.8039,13132795,19.0,0.3,62.1,2.7,34.0,47.0,30.4,50.0
Guinea-Bissau,0.0,0.0,0.0,1669000000.0,848.0687,1968001,17.8,1.0,61.4,0.0,52.0,67.0,59.9,48.7179
Guyana,7.0,1.0,0.0,4609000000.0,5859.7524,786552,26.7,1.6,68.9,11.1,231.0,35.0,88.5,50.495
Haiti,2.0,0.0,0.0,9648000000.0,846.1282,11402528,23.3,0.7,64.6,40.6,62.0,58.5,60.7,49.4949
Honduras,26.0,0.0,0.0,25560000000.0,2580.6173,9904607,23.3,0.7,71.3,5.6,196.0,29.6,89.0,50.2488
Hong Kong,0.0,0.0,0.0,402034000000.0,53626.1196,7496981,44.8,5.4,83.1,3.1,0.0,19.9,0.0,46.5241
Hungary,131.0,6.0,16.0,177734000000.0,18398.2963,9660351,42.7,7.0,76.3,4.2,981.0,14.9,99.1,47.644
Iceland,568.0,1.0,36.0,26821000000.0,78597.9493,341243,36.7,3.4,83.1,2.8,6086.0,0.0,0.0,50.0
India,396.0,7.0,27.0,3257720000000.0,2360.6592,1380004385,28.1,0.7,69.1,8.5,69.0,21.9,71.2,51.9231
Indonesia,514.0,48.0,29.0,1208860000000.0,4419.5818,273523615,30.5,1.2,73.2,5.4,115.0,10.9,95.4,50.0
Iran,21638.0,1685.0,7931.0,495694000000.0,5901.6144,83992949,30.8,0.2,74.2,11.8,475.0,18.7,85.5,50.7389
Iraq,233.0,20.0,57.0,246932000000.0,6139.152,40222493,20.2,1.4,74.9,16.0,210.0,23.0,79.7,50.495
Ireland,906.0,4.0,5.0,405185000000.0,82058.0317,4937786,37.1,2.8,81.0,6.7,4977.0,8.2,0.0,50.0
Isle Of Man,0.0,0.0,0.0,0.0,0.0,0,44.4,0.0,81.4,1.1,0.0,0.0,0.0,50.0
Israel,1071.0,1.0,37.0,403961000000.0,46670.8297,8655535,30.1,3.1,82.7,4.2,3145.0,22.0,97.8,50.2488
Italy,59138.0,5476.0,7024.0,2090450000000.0,34574.7083,60461826,45.8,3.4,82.4,11.3,2840.0,29.9,99.2,48.1865
Ivory Coast,14.0,0.0,1.0,49882000000.0,1891.0259,26378274,19.9,0.0,60.1,9.4,70.0,46.3,43.1,50.2488
Jamaica,16.0,1.0,2.0,16717000000.0,5645.4094,2961167,28.6,1.7,74.5,12.2,307.0,17.1,88.7,49.4949
Japan,1086.0,40.0,235.0,5495420000000.0,43450.1405,126476461,47.7,13.4,85.5,2.9,4169.0,16.1,0.0,48.4536
Jersey,0.0,0.0,0.0,0.0,0.0,0,37.7,0.0,82.0,4.0,0.0,0.0,0.0,49.2386
Jordan,112.0,0.0,1.0,46451000000.0,4552.6208,10203134,22.8,1.4,75.0,18.3,341.0,14.2,95.4,52.8302
Kazakhstan,60.0,0.0,0.0,177322000000.0,9443.7219,18776707,30.9,6.7,71.4,5.0,280.0,2.6,99.8,47.644
Kenya,15.0,0.0,0.0,109116000000.0,2029.2611,53771296,20.0,1.4,64.6,40.0,77.0,36.1,78.0,50.0
Kiribati,0.0,0.0,0.0,196000000.0,1640.8677,119449,25.0,1.9,66.9,30.6,171.0,0.0,0.0,48.7179
"Korea, North",0.0,0.0,0.0,0.0,651.2557,25778816,34.2,13.2,71.0,25.6,0.0,0.0,100.0,48.4536
"Korea, South",8897.0,104.0,2909.0,1744360000000.0,34023.5563,51269185,42.3,11.5,82.5,3.7,2283.0,14.4,0.0,50.0
Kosovo,2.0,0.0,0.0,0.0,0.0,0,29.6,0.0,0.0,30.5,0.0,17.6,0.0,51.4563
Kuwait,188.0,0.0,27.0,142999000000.0,33484.7495,4270571,29.4,2.0,78.3,1.1,1529.0,0.0,96.0,58.3333
Kyrgyzstan,14.0,0.0,0.0,8781000000.0,1345.9132,6524195,26.8,4.5,71.2,7.1,79.0,32.1,99.5,48.9796
Laos,0.0,0.0,0.0,22013000000.0,3025.609,7275560,23.4,1.5,65.0,0.7,62.0,22.0,84.7,49.7487
Latvia,139.0,0.0,1.0,38102000000.0,20200.4243,1886198,43.9,5.8,74.9,8.7,930.0,25.5,99.9,46.2366
Lebanon,248.0,4.0,8.0,60620000000.0,8881.4722,6825445,31.3,2.9,77.9,9.7,719.0,28.6,93.9,50.0
Lesotho,0.0,0.0,0.0,2892000000.0,1349.9831,2142249,24.4,0.0,53.0,28.1,105.0,57.0,79.4,49.4949
Liberia,3.0,0.0,0.0,3217000000.0,636.0623,5057681,17.8,0.8,63.8,2.8,57.0,54.1,47.6,50.0
Libya,0.0,0.0,0.0,50424000000.0,7338.3579,6871292,29.4,3.7,76.9,30.0,0.0,0.0,91.0,51.6908
Liechtenstein,37.0,0.0,0.0,0.0,162444.3334,38128,43.4,0.0,82.0,2.4,0.0,0.0,0.0,49.7487
Lithuania,131.0,1.0,1.0,57602000000.0,21159.3993,2722289,44.0,7.3,75.2,7.1,1078.0,22.2,99.8,46.2366
Luxembourg,798.0,8.0,6.0,73693000000.0,117724.5846,625978,39.3,4.9,82.4,5.8,5783.0,0.0,0.0,50.2488
Macau,0.0,0.0,0.0,62158000000.0,95725.627,649335,39.8,0.0,84.6,2.0,0.0,0.0,96.5,47.3684
Macedonia,114.0,1.0,1.0,13700000000.0,6575.8716,2083373,38.2,4.4,75.9,22.4,328.0,21.5,97.8,49.7487
Madagascar,3.0,0.0,0.0,13542000000.0,489.0394,27691018,19.9,0.2,66.6,1.8,25.0,70.7,64.7,50.0
Malawi,0.0,0.0,0.0,7861000000.0,410.9263,19129952,16.6,1.3,62.2,20.4,32.0,50.7,62.1,49.4949
Malaysia,1306.0,10.0,139.0,401985000000.0,12419.9781,32365999,28.7,1.9,75.4,3.4,384.0,3.8,94.6,50.7389
Maldives,13.0,0.0,0.0,6213000000.0,11493.9764,540544,28.6,4.3,76.0,2.9,1007.0,15.0,99.3,54.1284
Mali,0.0,0.0,0.0,19332000000.0,954.6274,20250833,15.8,0.1,60.8,7.9,31.0,36.1,33.1,48.7179
Malta,90.0,0.0,2.0,16338000000.0,37002.0587,441543,41.8,4.7,82.7,4.6,2586.0,16.3,94.4,50.2488
Marshall Islands,0.0,0.0,0.0,228000000.0,3852.002,59190,23.1,2.7,73.6,36.0,642.0,0.0,98.3,50.7389
Martinique,37.0,1.0,0.0,0.0,0.0,0,0.0,0.0,0.0,0.0,0.0,0.0,0.0,0.0
Mauritania,2.0,0.0,0.0,5697000000.0,1225.2514,4649658,20.7,0.0,63.8,10.2,49.0,31.0,52.1,48.1865
Mauritius,18.0,1.0,0.0,15757000000.0,12389.8384,1271768,35.7,3.7,76.0,7.1,600.0,8.0,93.2,49.2386
Mayotte,11.0,0.0,0.0,0.0,0.0,0,0.0,0.0,0.0,0.0,0.0,0.0,0.0,0.0
Mexico,251.0,2.0,4.0,1297750000000.0,10065.3245,128932753,28.6,1.5,76.3,3.4,495.0,46.2,94.9,48.9796
Micronesia,0.0,0.0,0.0,389000000.0,3381.9323,115023,25.5,3.2,73.4,16.2,425.0,26.7,0.0,49.2386
Moldova,94.0,1.0,1.0,12793000000.0,3171.3231,4033963,37.0,5.8,71.3,4.1,191.0,9.6,99.4,48.7179
Monaco,23.0,0.0,1.0,0.0,164823.4258,39242,53.8,13.8,89.4,2.0,2932.0,0.0,0.0,48.4536
Mongolia,10.0,0.0,0.0,14960000000.0,4563.3547,3278290,28.8,7.0,70.2,8.0,149.0,29.6,98.4,48.9796
Montenegro,21.0,0.0,0.0,5740000000.0,9139.1669,628066,38.9,4.0,0.0,16.1,0.0,8.6,98.7,49.2386
Montserrat,0.0,0.0,0.0,0.0,12430.1633,4992,33.8,0.0,74.8,5.6,0.0,0.0,0.0,50.0
Morocco,115.0,4.0,3.0,129056000000.0,3496.452,36910560,29.7,1.1,77.3,10.2,161.0,15.0,68.5,48.9796
Mozambique,1.0,0.0,0.0,16294000000.0,521.3173,31255435,17.3,0.7,54.1,24.5,21.0,46.1,56.0,48.9796
Myanmar,0.0,0.0,0.0,71403000000.0,1312.3187,54409800,28.5,0.9,68.6,4.0,58.0,25.6,75.6,49.2386
Namibia,3.0,0.0,0.0,14627000000.0,5756.6103,2540905,21.4,2.7,64.4,34.0,447.0,28.7,81.9,48.9796
Nauru,0.0,0.0,0.0,117000000.0,10809.3126,10824,26.7,5.0,67.8,23.0,1107.0,0.0,0.0,46.8085
Nepal,2.0,0.0,1.0,33035000000.0,1133.7893,29136808,24.5,3.0,71.3,3.0,48.0,25.2,63.9,48.9796
Netherlands,4216.0,180.0,2.0,954931000000.0,55730.2675,17134872,42.7,4.7,81.5,4.9,4911.0,8.8,0.0,49.4949
New Caledonia,0.0,0.0,0.0,0.0,33085.0474,285498,32.3,0.0,78.0,14.7,0.0,17.0,96.9,50.0
New Zealand,66.0,0.0,0.0,224943000000.0,46647.0616,4822233,38.1,2.8,81.4,4.7,3937.0,0.0,0.0,49.7487
Nicaragua,2.0,0.0,0.0,12459000000.0,1880.7304,6624554,26.2,0.9,73.7,6.4,192.0,29.6,82.8,48.7179
Niger,2.0,0.0,0.0,10628000000.0,439.053,24206644,15.5,0.0,56.3,0.3,29.0,45.4,19.1,50.2488
Nigeria,30.0,0.0,2.0,496122000000.0,2406.7284,206139589,18.3,0.0,59.3,16.5,74.0,70.0,59.6,50.495
Niue,0.0,0.0,0.0,0.0,0.0,0,0.0,0.0,0.0,12.0,0.0,0.0,0.0,0.0
Northern Mariana Islands,0.0,0.0,0.0,0.0,0.0,0,33.4,0.0,75.6,11.2,0.0,0.0,0.0,53.0516
Norway,2383.0,7.0,1.0,438623000000.0,80908.2275,5421241,39.3,3.8,82.0,4.2,7936.0,0.0,0.0,50.495
Oman,55.0,0.0,17.0,84158000000.0,16480.1573,5106626,25.8,1.6,75.9,0.0,588.0,0.0,96.1,54.1284
Pakistan,776.0,5.0,5.0,0.0,1278.9308,220892340,24.1,0.6,68.4,6.0,45.0,29.5,57.9,51.2195
Palau,0.0,0.0,0.0,324000000.0,17906.4883,18094,33.6,4.8,73.6,1.7,1596.0,24.9,96.6,51.9231
Palestine,0.0,0.0,0.0,0.0,2626.1542,5101414,0.0,0.0,0.0,0.0,0.0,0.0,0.0,0.0
Panama,245.0,3.0,0.0,75494000000.0,17496.6574,4314767,29.5,2.3,78.9,6.0,1112.0,23.0,95.0,50.2488
Papua New Guinea,1.0,0.0,0.0,22114000000.0,2471.6599,8947024,23.4,0.0,67.5,2.5,61.0,37.0,64.2,50.9804
Paraguay,22.0,1.0,0.0,45376000000.0,6361.8308,7132538,28.7,1.3,77.6,5.7,381.0,22.2,94.7,50.2488
Peru,363.0,5.0,1.0,244163000000.0,7405.1947,32971854,28.4,1.6,74.2,6.9,333.0,22.7,94.2,48.9796
Philippines,380.0,25.0,17.0,389048000000.0,3550.321,109581078,23.7,1.0,69.6,5.7,133.0,21.6,96.3,50.2488
Poland,634.0,7.0,1.0,643274000000.0,16996.8719,37846611,41.1,6.5,77.9,4.9,907.0,17.6,99.8,48.4536
Portugal,1600.0,14.0,5.0,249912000000.0,24509.0843,10196709,43.7,3.4,80.9,8.9,1908.0,19.0,95.7,47.3684
Puerto Rico,0.0,1.0,0.0,104117000000.0,36393.691,2860853,42.2,0.0,81.0,10.8,0.0,0.0,93.3,47.3684
Qatar,494.0,0.0,33.0,204008000000.0,70810.2211,2881053,33.4,1.2,79.0,8.9,1649.0,0.0,97.3,77.3243
Reunion,47.0,0.0,0.0,0.0,0.0,0,0.0,0.0,0.0,0.0,0.0,0.0,0.0,0.0
Romania,433.0,3.0,64.0,263133000000.0,13677.9929,19237691,41.6,6.3,75.6,4.9,555.0,22.4,98.8,48.7179
Russia,367.0,0.0,16.0,1667460000000.0,11426.088,145934462,39.8,8.2,71.3,5.2,586.0,13.3,99.7,46.2366
Rwanda,19.0,0.0,0.0,11062000000.0,854.0622,12952218,19.2,0.0,64.5,2.7,49.0,39.1,70.5,48.9796
Saint Barthelemy,0.0,0.0,0.0,0.0,0.0,0,44.7,0.0,0.0,0.0,0.0,0.0,0.0,53.0516
"Saint Helena, Ascension, And Tristan Da Cunha",0.0,0.0,0.0,0.0,0.0,0,42.4,0.0,79.8,14.0,0.0,0.0,0.0,50.2488
Saint Kitts And Nevis,0.0,0.0,0.0,1118000000.0,21015.4326,53199,35.5,4.8,76.2,4.5,903.0,0.0,0.0,50.0
Saint Lucia,2.0,0.0,0.0,2069000000.0,11267.4062,183627,35.5,1.3,78.1,20.0,460.0,0.0,0.0,48.7179
Saint Martin,0.0,0.0,0.0,0.0,0.0,0,32.8,0.0,0.0,0.0,0.0,0.0,0.0,48.1865
Saint Pierre And Miquelon,0.0,0.0,0.0,0.0,0.0,0,47.2,0.0,80.7,8.7,0.0,0.0,0.0,48.7179
Saint Vincent And The Grenadines,1.0,0.0,0.0,903000000.0,8139.5349,110940,34.2,2.6,75.8,18.8,321.0,0.0,0.0,50.9804
Samoa,0.0,0.0,0.0,960000000.0,4838.3683,198414,24.8,0.0,74.2,5.2,233.0,0.0,99.0,50.9804
San Marino,160.0,20.0,4.0,1672000000.0,49276.4728,33931,44.7,3.8,83.4,8.1,3362.0,0.0,0.0,48.4536
Sao Tome And Principe,0.0,0.0,0.0,527000000.0,2404.6469,219159,18.7,2.9,65.7,12.2,120.0,66.2,74.9,50.0
Saudi Arabia,511.0,0.0,16.0,790062000000.0,22693.8854,34813871,29.9,2.7,75.7,6.0,0.0,0.0,94.7,56.5217
Senegal,67.0,0.0,5.0,28062000000.0,1675.9509,16743927,19.0,0.3,62.5,48.0,55.0,46.7,51.9,48.4536
Serbia,222.0,2.0,1.0,56886000000.0,6510.6541,8737371,42.8,5.7,75.9,14.1,529.0,8.9,98.8,48.7179
Seychelles,7.0,0.0,0.0,1739000000.0,17682.2882,98347,35.8,3.6,75.2,3.0,792.0,39.3,91.8,51.4563
Sierra Leone,0.0,0.0,0.0,4221000000.0,529.1474,7976983,19.1,0.0,59.0,15.0,66.0,70.2,48.1,48.7179
Singapore,455.0,2.0,144.0,391875000000.0,66983.2635,5850342,34.9,2.4,85.5,2.2,2619.0,0.0,97.0,48.9796
Sint Maarten,0.0,0.0,0.0,0.0,25003.8959,42876,41.2,0.0,78.5,12.0,0.0,0.0,0.0,49.4949
Slovakia,185.0,1.0,7.0,117399000000.0,21503.0583,5459642,41.0,5.8,77.4,8.1,1186.0,12.3,0.0,48.4536
Slovenia,414.0,2.0,0.0,58213000000.0,28001.3161,2078938,44.2,4.6,81.2,6.6,1920.0,13.9,99.7,49.7487
Solomon Islands,0.0,0.0,0.0,1607000000.0,2339.5508,686884,22.8,1.4,75.8,0.0,101.0,0.0,84.1,50.9804
Somalia,1.0,0.0,0.0,8341000000.0,524.8149,15893222,18.2,8.7,53.2,0.0,0.0,0.0,0.0,50.2488
South Africa,274.0,0.0,0.0,386727000000.0,6520.579,59308690,27.4,0.0,64.1,27.5,499.0,16.6,94.4,49.4949
South Sudan,0.0,0.0,0.0,2796000000.0,249.7828,11193725,18.1,0.0,0.0,0.0,23.0,66.0,27.0,51.4563
Spain,28768.0,1772.0,2575.0,1497080000000.0,32019.8291,46754778,43.1,3.0,81.8,17.2,2506.0,21.1,98.3,49.4949
Sri Lanka,82.0,0.0,3.0,89942000000.0,4200.2967,21413249,33.1,3.6,77.1,4.4,159.0,6.7,91.9,48.7179
Sudan,2.0,1.0,0.0,0.0,1890.2804,43849260,17.9,0.8,65.8,19.6,194.0,46.5,75.9,50.2488
Suriname,5.0,0.0,0.0,3919000000.0,6680.5084,586632,30.2,3.1,72.8,8.9,339.0,70.0,95.6,50.2488
Swaziland,0.0,0.0,0.0,4812000000.0,4147.6895,1160164,0.0,0.0,0.0,0.0,0.0,0.0,0.0,0.0
Sweden,1934.0,21.0,16.0,576720000000.0,57105.1458,10099265,41.1,2.4,82.2,6.7,5905.0,15.0,0.0,50.0
Switzerland,7245.0,98.0,131.0,740702000000.0,85584.5582,8654622,42.5,4.7,82.7,3.2,9956.0,6.6,0.0,49.2386
Syria,1.0,0.0,0.0,0.0,1266.4138,17500658,24.5,1.5,75.2,50.0,0.0,82.5,86.4,50.2488
Taiwan,169.0,2.0,28.0,633695000000.0,26607.0868,23816775,41.3,0.0,80.4,3.8,0.0,1.5,98.5,49.4949
Tajikistan,0.0,0.0,0.0,7838000000.0,821.7962,9537645,24.8,4.8,68.4,2.4,58.0,31.5,99.8,49.7487
Tanzania,12.0,0.0,0.0,64888000000.0,1086.2786,59734218,17.9,0.7,63.1,10.3,34.0,22.8,77.9,50.0
Thailand,599.0,1.0,44.0,547431000000.0001,7842.8535,69799978,38.1,2.1,75.1,0.7,247.0,7.2,92.9,48.9796
The Bahamas,0.0,0.0,0.0,13710000000.0,34863.8504,393244,0.0,0.0,0.0,0.0,0.0,0.0,0.0,0.0
Timor-Leste,1.0,0.0,0.0,3413000000.0,2588.6556,1318445,19.1,5.9,68.7,4.4,83.0,41.8,67.5,50.0
Togo,16.0,0.0,1.0,6132000000.0,740.6939,8278724,19.9,0.7,65.8,6.9,38.0,55.1,63.7,49.4949
Tonga,0.0,0.0,0.0,512000000.0,4844.127,105695,23.3,2.6,76.6,1.1,222.0,22.5,99.4,50.2488
Trinidad And Tobago,50.0,0.0,1.0,23235000000.0,16602.5003,1399488,36.6,3.0,73.4,4.9,1124.0,20.0,99.0,50.7389
Tunisia,75.0,3.0,1.0,35150000000.0,2974.1207,11818619,32.0,2.2,75.9,15.5,251.0,15.5,81.8,49.7487
Turkey,1236.0,30.0,0.0,809555000000.0,9598.8138,84339067,31.4,2.7,75.3,10.9,445.0,21.9,96.2,50.2488
Turkmenistan,0.0,0.0,0.0,57059000000.0,9460.638,6031200,28.3,7.4,70.7,11.0,456.0,0.2,99.7,49.4949
Turks And Caicos Islands,0.0,0.0,0.0,0.0,23698.9047,38717,33.8,0.0,80.1,10.0,0.0,0.0,0.0,50.495
Tuvalu,0.0,0.0,0.0,53000000.0,4494.5726,11792,26.0,0.0,67.2,0.0,622.0,26.3,0.0,49.4949
Uganda,1.0,0.0,0.0,33620000000.0,735.0079,45741007,15.9,0.5,56.3,9.4,39.0,21.4,78.4,49.7487
Ukraine,73.0,3.0,1.0,147170000000.0,3365.1347,43733762,40.8,8.8,72.4,9.2,177.0,3.8,99.8,46.2366
United Arab Emirates,153.0,2.0,38.0,449130000000.0,45410.6921,9890402,37.2,1.2,78.7,1.6,1357.0,19.5,93.8,72.5275
United Kingdom,5741.0,282.0,67.0,2927080000000.0,43117.5725,67886011,40.5,2.8,80.9,4.4,3859.0,15.0,0.0,49.7487
United States,33276.0,417.0,178.0,22198120000000.0,67063.2695,331002651,38.2,2.9,80.1,4.4,10246.0,15.1,0.0,49.2386
Uruguay,135.0,0.0,0.0,63421000000.0,18257.3199,3473730,35.1,2.8,77.6,7.6,1592.0,9.7,98.6,48.4536
Uzbekistan,43.0,0.0,0.0,55482000000.0,1657.7031,33469203,29.1,4.0,74.3,5.0,99.0,14.0,100.0,49.7487
Vanuatu,0.0,0.0,0.0,994000000.0,3236.2565,307145,22.3,0.0,74.0,1.7,106.0,0.0,85.2,50.0
Venezuela,70.0,0.0,15.0,70106000000.0,2465.4012,28435940,28.7,0.8,76.2,27.1,94.0,19.7,97.1,49.7487
Vietnam,113.0,0.0,17.0,282372000000.0,2900.9258,97338579,30.9,2.6,73.9,2.2,130.0,8.0,94.5,50.2488
Virgin Islands,0.0,0.0,0.0,0.0,0.0,0,41.3,0.0,79.5,10.4,0.0,28.9,0.0,47.644
Wallis And Futuna,0.0,0.0,0.0,0.0,0.0,0,32.8,0.0,80.0,8.8,0.0,0.0,0.0,50.7389
West Bank,0.0,0.0,0.0,0.0,0.0,0,21.4,1.3,75.4,27.9,0.0,18.0,96.9,50.9804
Western Sahara,0.0,0.0,0.0,0.0,0.0,0,21.5,0.0,63.8,0.0,0.0,0.0,0.0,49.7487
Yemen,0.0,0.0,0.0,31385000000.0,1052.2711,29825964,19.8,0.7,66.2,27.0,0.0,54.0,70.1,50.495
Zambia,3.0,0.0,0.0,25272000000.0,1374.677,18383955,16.8,2.0,53.0,15.0,68.0,54.4,63.4,50.0
Zimbabwe,3.0,0.0,0.0,25812000000.0,1736.6704,14862924,20.2,1.7,61.1,11.3,110.0,72.3,86.5,48.9796
